,Tournament,Number of Matches,Weighted Inversions,Number Inversions,Top 1,Top 8,Weighted Inversions (US),Number Inversions (US),Top 1 (US),Top 8 (US)
0,GSL,221,65.91944355573585,22.557375,5.004875,6.2505347222222225,69.70292618796873,21.916,5.212375,7.343930555555556
1,Multi-Stage 8 Groups,63,64.72245339561012,21.156375,6.755,7.804498263888889,67.83125569763484,20.727125,6.907375,8.491763888888888
2,Round Robin,496,,,,,22.296002363362884,12.912,3.34925,6.402553819444444
3,Swiss Style Tournament,96,54.701783347026655,18.570625,6.05575,8.405086805555555,56.87743582327169,18.268375,6.7635,9.046555555555555
4,CSGO Style Tournament,71,52.188841603125475,17.65325,6.016375,8.33859375,54.601906724220626,17.727375,6.499625,8.825640625
5,Simple Knockout,31,86.02742369857417,25.816625,6.147625,8.215714533730159,78.80989470836373,21.07325,7.90825,9.207854166666666
6,Triple Knockout,93,73.87023466659033,25.6255,4.658375,7.249486855158731,69.72968958079777,20.947375,6.778375,8.662541666666666
7,Double Elimination,62,50.9183372785142,18.14075,6.5045,8.853940972222222,56.24460490815756,18.024375,7.966625,9.905833333333334
